{
  "variant": "P0",
  "description": "patch-fix isolation: corrected patch, plain no-swap render, full timeline",
  "run_params": { "fs":48000, "block":256, "n_blocks":10000, "seed_master":"0x6121A0003", "amp":0.25, "s_click":0.05, "w_warm":1, "dll_version":"1.0.3159", "patch":"out <- float(0.25 * sin(phase))" },
  "click_max": 0.24705768844796694,
  "click_boundary_excluded": false,
  "argmax_block": 3352,
  "argmax_sample": 858227,
  "argmax_offset": 115,
  "slew_median": 0.059271365404129028,
  "slew_p95": 0.13254645466804504,
  "slew_p99": 0.13404498994350433,
  "events_applied": 4,
  "output_sha256": "c7d08e1eff06043a23b1bd66f2d2533455edf4fbf42148bb43be540e73eee58b",
  "gate": "click_max <= 0.05",
  "P0_pass": false,
  "asan_build": true
}
