{
  "run_params": { "fs":48000, "block":256, "n_blocks":10000, "k_prepare_start":100, "k_xfade_start":4000, "w_xfade":64, "k_swap":4064, "p_meas":512, "r_repeats":5, "seed_master":"0x6121A0003", "dll_version":"1.0.3159", "amp":0.25, "freq_palette":[220.0,330.0,440.0,550.0,660.0], "eps_xfade":1e-6, "s_click":0.05, "variant":"G", "w_warm":1, "w_bnd_samples":256 },
  "R1": { "xrun_during_prepare":0, "createPerformer_result":"Ok", "k_prepare_done":100, "b_ready_before_xfade":true, "events_delivered_A_prepare":0, "events_expected_A_prepare":0, "events_dropped_in_window":0, "b_xfade_initial_latch_count":1, "pass":true, "threshold":"xrun==0 & result Ok & done<4000 & delivered==expected & dropped==0 & b_xfade_initial_latch==1" },
  "R2": { "asan_violations":0, "crt_heap_violations":0, "result_violations":0, "swap_block":4064, "swap_count":1, "reset_called_on_B":true, "latch_replay_called":true, "xrun_at_swap":0, "old_perf_release_block":4064, "old_perf_released_post_crossfade":true, "pass":true, "threshold":"[R2' frozen] asan==0 & crt==0 & result==0 & swap_block==4064 & swap_count==1 & xrun_at_swap==0 & released_post_swap (reset_called_on_B NOT mandated)" },
  "R3": { "maxerr_reload_A":0, "mix_err":7.4505805969238281e-09, "alpha_monotone":true, "maxerr_B_xfade":0, "maxerr_reload_B":0, "rel_expected_Bpost":0.99743397795403388, "rel_expected_Apre":0.99385393173644077, "click_max":0.24705768844796694, "click_boundary_excluded":true, "maxerr_reload_B_region":"[K_SWAP+W_BND_SAMPLES, N)", "pass":false, "threshold":"maxerr_A==0 & mix_err<=1e-6 & monotone & maxerr_Bxfade==0 & maxerr_B==0 & rel_Bpost>=0.40 & rel_Apre>=0.40 & click<=0.05" },
  "R4": { "hashes_full":["33a318e6dbdc63293000cd10cf4f67c464c1a0f289e7e3cecdf1f2fb32734a28", "33a318e6dbdc63293000cd10cf4f67c464c1a0f289e7e3cecdf1f2fb32734a28", "33a318e6dbdc63293000cd10cf4f67c464c1a0f289e7e3cecdf1f2fb32734a28", "33a318e6dbdc63293000cd10cf4f67c464c1a0f289e7e3cecdf1f2fb32734a28", "33a318e6dbdc63293000cd10cf4f67c464c1a0f289e7e3cecdf1f2fb32734a28"], "hashes_A":["b8e61d7c0e01136bf2471e515f40488d81eec9a4be9f568b96420fe0b4734e6f", "b8e61d7c0e01136bf2471e515f40488d81eec9a4be9f568b96420fe0b4734e6f", "b8e61d7c0e01136bf2471e515f40488d81eec9a4be9f568b96420fe0b4734e6f", "b8e61d7c0e01136bf2471e515f40488d81eec9a4be9f568b96420fe0b4734e6f", "b8e61d7c0e01136bf2471e515f40488d81eec9a4be9f568b96420fe0b4734e6f"], "hashes_B":["d5adbdc4fc411b1dc45d43e725f2570d0606503d4a1e48af4aea331a22e063c8", "d5adbdc4fc411b1dc45d43e725f2570d0606503d4a1e48af4aea331a22e063c8", "d5adbdc4fc411b1dc45d43e725f2570d0606503d4a1e48af4aea331a22e063c8", "d5adbdc4fc411b1dc45d43e725f2570d0606503d4a1e48af4aea331a22e063c8", "d5adbdc4fc411b1dc45d43e725f2570d0606503d4a1e48af4aea331a22e063c8"], "hashes_xfade":["4fcfeace0cb62a38f25d1754ddcb7d1109998a5b1f7e5a3080d1481e6ae514d7", "4fcfeace0cb62a38f25d1754ddcb7d1109998a5b1f7e5a3080d1481e6ae514d7", "4fcfeace0cb62a38f25d1754ddcb7d1109998a5b1f7e5a3080d1481e6ae514d7", "4fcfeace0cb62a38f25d1754ddcb7d1109998a5b1f7e5a3080d1481e6ae514d7", "4fcfeace0cb62a38f25d1754ddcb7d1109998a5b1f7e5a3080d1481e6ae514d7"], "repro_ok":true, "blocks_rendered":10000, "dropped_blocks":0, "duplicated_blocks":0, "swap_block":4064, "events_applied_A":3, "events_scheduled_pre_swap":3, "events_applied_B_pre":2, "events_scheduled_xfade":2, "events_applied_B_post":1, "events_scheduled_post_swap":1, "b_xfade_initial_latch_count":1, "latch_replay_count":1, "pass":true, "threshold":"[R4 frozen] repro_ok & blocks==10000 & dropped==0 & dup==0 & event_audit_all_match (applied_A==pre_swap & applied_B_pre==xfade & applied_B_post==post_swap)" },
  "p50_ns":1900, "p99_ns":4000, "max_ns":34300,
  "asan_clean":true,
  "proof_complete":true,
  "variant":"G",
  "final_verdict":"FAIL"
}
