{
  "run_params": { "fs":48000, "block":256, "n_blocks":10000, "k_prepare_start":100, "k_xfade_start":4000, "w_xfade":64, "k_swap":4064, "p_meas":512, "r_repeats":5, "seed_master":"0x6121A0003", "dll_version":"1.0.3159", "amp":0.25, "freq_palette":[220.0,330.0,440.0,550.0,660.0], "eps_xfade":1e-6, "s_click":0.05, "variant":"F", "w_warm":1, "w_bnd_samples":256, "mod_index":1, "ratio":1 },
  "R1": { "xrun_during_prepare":0, "engineB_link":"Ok", "createPerformer_result":"Ok", "k_prepare_done":101, "b_ready_before_xfade":true, "events_delivered_A_prepare":0, "events_expected_A_prepare":0, "events_dropped_in_window":0, "b_xfade_initial_latch_count":1, "pass":true, "threshold":"xrun==0 & engineB_link==Ok & createPerformer==Ok & done<4000 & delivered==expected & dropped==0 & b_xfade_initial_latch==1" },
  "R2": { "asan_violations":0, "crt_heap_violations":0, "result_violations":0, "swap_block":4064, "swap_count":1, "reset_called_on_B":false, "latch_replay_called":false, "xrun_at_swap":0, "old_perf_release_block":4064, "old_perf_released_post_crossfade":true, "pass":true, "threshold":"[R2 frozen] asan==0 & crt==0 & result==0 & swap_block==4064 & swap_count==1 & xrun_at_swap==0 & released_post_swap (reset_called_on_B NOT mandated)" },
  "R3": { "maxerr_reload_A":0, "mix_err":7.4504475089387512e-09, "alpha_monotone":true, "maxerr_B_xfade":0, "maxerr_reload_B":0, "rel_expected_Bpost":1.0000984620163333, "rel_expected_Apre":0.99999709861042707, "click_max":0.043136479333043098, "click_max_Bsolo":0.035962391644716263, "click_boundary_excluded":true, "param_carry_audit_ok":true, "pass":true, "threshold":"maxerr_A==0 & mix_err<=1e-6 & monotone(a^2+b^2~=1) & maxerr_B==0 & click<=0.05 & click_Bsolo<=0.05 & rel_Apre>=0.40 & rel_Bpost>=0.40 vs renderSolo_B & param_carry_audit_ok (maxerr_B_xfade UNGATED)" },
  "R4": { "hashes_full":["6078eb8bdce5d78d29246dc9000da5314864b7b421102c7f204d66b422a18426", "6078eb8bdce5d78d29246dc9000da5314864b7b421102c7f204d66b422a18426", "6078eb8bdce5d78d29246dc9000da5314864b7b421102c7f204d66b422a18426", "6078eb8bdce5d78d29246dc9000da5314864b7b421102c7f204d66b422a18426", "6078eb8bdce5d78d29246dc9000da5314864b7b421102c7f204d66b422a18426"], "hashes_A":["20024b8516235999aaae63fc1c81587b95e01272bd37e8d098764f95bf14d036", "20024b8516235999aaae63fc1c81587b95e01272bd37e8d098764f95bf14d036", "20024b8516235999aaae63fc1c81587b95e01272bd37e8d098764f95bf14d036", "20024b8516235999aaae63fc1c81587b95e01272bd37e8d098764f95bf14d036", "20024b8516235999aaae63fc1c81587b95e01272bd37e8d098764f95bf14d036"], "hashes_B":["159f9fbae3bd2a2878971c48a2109a440e89a9514d4d7e3f5f6afc8780590f61", "159f9fbae3bd2a2878971c48a2109a440e89a9514d4d7e3f5f6afc8780590f61", "159f9fbae3bd2a2878971c48a2109a440e89a9514d4d7e3f5f6afc8780590f61", "159f9fbae3bd2a2878971c48a2109a440e89a9514d4d7e3f5f6afc8780590f61", "159f9fbae3bd2a2878971c48a2109a440e89a9514d4d7e3f5f6afc8780590f61"], "hashes_xfade":["87dcd7e99284fea926500dff200fbf4828ed5435764f76f35c15baeb97f02aef", "87dcd7e99284fea926500dff200fbf4828ed5435764f76f35c15baeb97f02aef", "87dcd7e99284fea926500dff200fbf4828ed5435764f76f35c15baeb97f02aef", "87dcd7e99284fea926500dff200fbf4828ed5435764f76f35c15baeb97f02aef", "87dcd7e99284fea926500dff200fbf4828ed5435764f76f35c15baeb97f02aef"], "repro_ok":true, "blocks_rendered":10000, "dropped_blocks":0, "duplicated_blocks":0, "swap_block":4064, "events_applied_A":3, "events_scheduled_pre_swap":3, "events_applied_B_pre":2, "events_scheduled_xfade":2, "events_applied_B_post":1, "events_scheduled_post_swap":1, "b_xfade_initial_latch_count":1, "latch_replay_count":0, "pass":true, "threshold":"[R4 frozen] repro_ok & blocks==10000 & dropped==0 & dup==0 & event_audit_all_match" },
  "p50_ns":3500, "p99_ns":5600, "max_ns":97700,
  "asan_clean":true,
  "proof_complete":true,
  "variant":"F",
  "xfade_convention":"per-block equal-power a=cos(theta) b=sin(theta) theta=(pi/2)*(i+1)/64",
  "b_patch_sha":"c19ddceed617d630ffd4a441c9d25d0ccd24e384f1168c9337c1528a1f50be77",
  "b_patch_sha_convention":"UTF-8, LF, no BOM; SHA-256 over the pre-reg section 2 fenced cmajor block including the leading and trailing newline of the C++ raw string literal; length = strlen(FM2OP_SOURCE)",
  "xfade_coeffs": [[0.99969881869620425, 0.024541228522912288], [0.99879545620517241, 0.049067674327418015], [0.99729045667869021, 0.073564563599667426], [0.99518472667219693, 0.098017140329560604], [0.99247953459870997, 0.1224106751992162], [0.98917650996478101, 0.14673047445536175], [0.98527764238894122, 0.17096188876030122], [0.98078528040323043, 0.19509032201612825], [0.97570213003852857, 0.2191012401568698], [0.97003125319454397, 0.24298017990326387], [0.96377606579543984, 0.26671275747489837], [0.95694033573220882, 0.29028467725446233], [0.94952818059303667, 0.31368174039889152], [0.94154406518302081, 0.33688985339222005], [0.93299279883473896, 0.35989503653498811], [0.92387953251128674, 0.38268343236508978], [0.91420975570353069, 0.40524131400498986], [0.90398929312344334, 0.42755509343028208], [0.89322430119551532, 0.44961132965460654], [0.88192126434835505, 0.47139673682599764], [0.87008699110871146, 0.49289819222978404], [0.85772861000027212, 0.51410274419322166], [0.84485356524970712, 0.53499761988709715], [0.83146961230254524, 0.55557023301960218], [0.81758481315158371, 0.57580819141784534], [0.80320753148064494, 0.59569930449243336], [0.78834642762660623, 0.61523159058062682], [0.77301045336273699, 0.63439328416364549], [0.75720884650648457, 0.65317284295377676], [0.74095112535495922, 0.67155895484701833], [0.724247082951467, 0.68954054473706683], [0.70710678118654757, 0.70710678118654757], [0.68954054473706694, 0.72424708295146689], [0.67155895484701833, 0.74095112535495911], [0.65317284295377687, 0.75720884650648457], [0.63439328416364549, 0.77301045336273688], [0.61523159058062682, 0.78834642762660623], [0.59569930449243347, 0.80320753148064483], [0.57580819141784534, 0.81758481315158371], [0.55557023301960229, 0.83146961230254524], [0.53499761988709726, 0.84485356524970701], [0.51410274419322166, 0.85772861000027212], [0.49289819222978409, 0.87008699110871135], [0.47139673682599781, 0.88192126434835494], [0.4496113296546066, 0.89322430119551532], [0.4275550934302822, 0.90398929312344334], [0.40524131400498986, 0.91420975570353069], [0.38268343236508984, 0.92387953251128674], [0.35989503653498828, 0.93299279883473885], [0.33688985339222005, 0.94154406518302081], [0.31368174039889157, 0.94952818059303667], [0.29028467725446233, 0.95694033573220894], [0.26671275747489842, 0.96377606579543984], [0.24298017990326398, 0.97003125319454397], [0.21910124015686977, 0.97570213003852857], [0.19509032201612833, 0.98078528040323043], [0.17096188876030136, 0.98527764238894122], [0.14673047445536175, 0.98917650996478101], [0.12241067519921628, 0.99247953459870997], [0.09801714032956077, 0.99518472667219682], [0.073564563599667454, 0.99729045667869021], [0.049067674327418126, 0.99879545620517241], [0.024541228522912264, 0.99969881869620425], [6.123233995736766e-17, 1]],
  "per_repeat": [{"hash_full":"6078eb8bdce5d78d29246dc9000da5314864b7b421102c7f204d66b422a18426", "hash_A":"20024b8516235999aaae63fc1c81587b95e01272bd37e8d098764f95bf14d036", "hash_B":"159f9fbae3bd2a2878971c48a2109a440e89a9514d4d7e3f5f6afc8780590f61", "hash_xfade":"87dcd7e99284fea926500dff200fbf4828ed5435764f76f35c15baeb97f02aef"}, {"hash_full":"6078eb8bdce5d78d29246dc9000da5314864b7b421102c7f204d66b422a18426", "hash_A":"20024b8516235999aaae63fc1c81587b95e01272bd37e8d098764f95bf14d036", "hash_B":"159f9fbae3bd2a2878971c48a2109a440e89a9514d4d7e3f5f6afc8780590f61", "hash_xfade":"87dcd7e99284fea926500dff200fbf4828ed5435764f76f35c15baeb97f02aef"}, {"hash_full":"6078eb8bdce5d78d29246dc9000da5314864b7b421102c7f204d66b422a18426", "hash_A":"20024b8516235999aaae63fc1c81587b95e01272bd37e8d098764f95bf14d036", "hash_B":"159f9fbae3bd2a2878971c48a2109a440e89a9514d4d7e3f5f6afc8780590f61",