{
  "variant": "P0",
  "description": "patch-fix isolation: corrected patch, plain no-swap render, full timeline",
  "run_params": { "fs":48000, "block":256, "n_blocks":10000, "seed_master":"0x6121A0003", "amp":0.25, "s_click":0.05, "w_warm":1, "dll_version":"1.0.3159", "patch":"out <- float(0.25 * sin(phase))" },
  "click_max": 0.021591742523014545,
  "click_boundary_excluded": false,
  "argmax_block": 5780,
  "argmax_sample": 1479753,
  "argmax_offset": 73,
  "slew_median": 0.0094557404518127441,
  "slew_p95": 0.021271016448736191,
  "slew_p99": 0.021578961983323097,
  "events_applied": 4,
  "output_sha256": "3070e2d8beef62de39472ad39535273c5c7ecf7018af5d7373d1eb3d3880b312",
  "gate": "click_max <= 0.05",
  "P0_pass": true,
  "asan_build": true
}
