{
  "run_params": { "fs":48000, "block":256, "n_blocks":10000, "k_compile_start":100, "k_xfade_start":4000, "w_xfade":64, "k_swap":4064, "p_meas":512, "r_repeats":5, "seed_master":"0x6121A0003", "freq_a":440.0, "freq_b":880.0, "freq_ctl":660.0, "eps_xfade":1e-6, "s_click":0.15, "eps_spectral":0.05, "eps_prefix":1e-4, "dll_name":"libCmajPerformer.so", "dll_version":"1.0.3159", "compiler":"clang++-18", "tsan_options":"report_atomic_races=1:halt_on_error=0:history_size=7:suppressions=tsan.suppressions:second_deadlock_stack=1" },
  "T1": { "host_build_ok":true, "control_build_ok":true, "rtprobe_build_ok":true, "link_ok":true, "tsan_enabled_in_binary":true, "linux_runtime_obtained":true, "runtime_arch":"x86_64", "runtime_version":"1.0.3159", "pass":true, "threshold":"build ok & link ok & tsan linked & runtime v1.0.3159 x86_64 obtained" },
  "T2": { "nonsuppressed_race_reports":0, "warning_reports":0, "suppressed_race_count":0, "host_suppressed_races":0, "runs_completed":5, "blocks_per_run":10000, "pass":true, "threshold":"nonsuppressed==0 & warnings==0 & runs==R & blocks==N & host_suppressed==0" },
  "T3": { "T3a": { "control_race_caught":true }, "T3b": { "rtprobe_race_caught":true, "rt_frame_named":true }, "detector_alive":true, "rt_covered":true, "pass":true, "threshold":"control caught & rtprobe caught naming RT frame" },
  "T4": { "rel440_pre":0.9999917076236976, "rel880_post":0.99999367723365185, "leak880_pre":0.00031545500053048133, "leak440_post":0.00026114377781189088, "rel_ctl":0.00041924838792745047, "mix_err":2.9795045985991919e-08, "alpha_monotone":true, "click_max":0.11512808501720428, "blocks_rendered":10000, "swap_block":4064, "swap_count":1, "dropped_blocks":0, "duplicated_blocks":0, "old_perf_released_post_crossfade":true, "hashes_full":["f4aecd866ec66302b9066b2cc41b26e31ce791cdb8f4479891e648ad3553d76e", "f4aecd866ec66302b9066b2cc41b26e31ce791cdb8f4479891e648ad3553d76e", "f4aecd866ec66302b9066b2cc41b26e31ce791cdb8f4479891e648ad3553d76e", "f4aecd866ec66302b9066b2cc41b26e31ce791cdb8f4479891e648ad3553d76e", "f4aecd866ec66302b9066b2cc41b26e31ce791cdb8f4479891e648ad3553d76e"], "hashes_A":["712a7949d238f72e2ba9807b3e600870c37ef6a3471d32bceadfbf1b71c51a59", "712a7949d238f72e2ba9807b3e600870c37ef6a3471d32bceadfbf1b71c51a59", "712a7949d238f72e2ba9807b3e600870c37ef6a3471d32bceadfbf1b71c51a59", "712a7949d238f72e2ba9807b3e600870c37ef6a3471d32bceadfbf1b71c51a59", "712a7949d238f72e2ba9807b3e600870c37ef6a3471d32bceadfbf1b71c51a59"], "hashes_B":["017914ee65e02881288c5dd7081ad7b583307859adb4451863cfe3b42b41fe90", "017914ee65e02881288c5dd7081ad7b583307859adb4451863cfe3b42b41fe90", "017914ee65e02881288c5dd7081ad7b583307859adb4451863cfe3b42b41fe90", "017914ee65e02881288c5dd7081ad7b583307859adb4451863cfe3b42b41fe90", "017914ee65e02881288c5dd7081ad7b583307859adb4451863cfe3b42b41fe90"], "hashes_xfade":["eca440b4b7feecff64c75a178ec42fe6918a6c66d9be7bde934ec8e2a0acc1db", "eca440b4b7feecff64c75a178ec42fe6918a6c66d9be7bde934ec8e2a0acc1db", "eca440b4b7feecff64c75a178ec42fe6918a6c66d9be7bde934ec8e2a0acc1db", "eca440b4b7feecff64c75a178ec42fe6918a6c66d9be7bde934ec8e2a0acc1db", "eca440b4b7feecff64c75a178ec42fe6918a6c66d9be7bde934ec8e2a0acc1db"], "repro_ok":true, "cross_platform": { "delta_rel440_pre":4.7729709073962567e-11, "delta_rel880_post":9.3874907847180111e-12, "delta_click_max":0, "prefix_max_delta":5.9604644775390625e-08, "windows_reference_rel440_pre":0.99999170767142731, "windows_reference_rel880_post":0.99999367722426435, "windows_reference_click_max":0.11512808501720428 }, "pass":true, "threshold":"spectral ok & mix<=1e-6 & monotone & click<=0.15 & complete & swap ok & repro ok & cross-platform delta<=0.05 & prefix<=1e-4" },
  "informative": { "p50_ns":3621, "p99_ns":6221, "max_ns":87815, "xrun_informative":0, "k_compile_done":110, "compile_result":"Ok" },
  "tsan_clean":true,
  "proof_complete":true,
  "final_verdict":"PASS"
}
