{
  "run_params": { "fs":48000, "block":256, "n_blocks":10000, "k_prepare_start":100, "k_xfade_start":4000, "w_xfade":64, "k_swap":4064, "p_meas":512, "r_repeats":5, "seed_master":"0x6121A0003", "dll_version":"1.0.3159", "amp":0.25, "freq_palette":[220.0,330.0,440.0,550.0,660.0], "eps_xfade":1e-6, "s_click":0.05, "variant":"F", "w_warm":1, "w_bnd_samples":256 },
  "R1": { "xrun_during_prepare":0, "createPerformer_result":"Ok", "k_prepare_done":101, "b_ready_before_xfade":true, "events_delivered_A_prepare":0, "events_expected_A_prepare":0, "events_dropped_in_window":0, "b_xfade_initial_latch_count":1, "pass":true, "threshold":"xrun==0 & result Ok & done<4000 & delivered==expected & dropped==0 & b_xfade_initial_latch==1" },
  "R2": { "asan_violations":0, "crt_heap_violations":0, "result_violations":0, "swap_block":4064, "swap_count":1, "reset_called_on_B":false, "latch_replay_called":false, "xrun_at_swap":0, "old_perf_release_block":4064, "old_perf_released_post_crossfade":true, "pass":true, "threshold":"[R2' frozen] asan==0 & crt==0 & result==0 & swap_block==4064 & swap_count==1 & xrun_at_swap==0 & released_post_swap (reset_called_on_B NOT mandated)" },
  "R3": { "maxerr_reload_A":0, "mix_err":7.4492162716044419e-09, "alpha_monotone":true, "maxerr_B_xfade":0, "maxerr_reload_B":0, "rel_expected_Bpost":1.0000265800309589, "rel_expected_Apre":0.99999709861042707, "click_max":0.021591742523014545, "click_boundary_excluded":true, "maxerr_reload_B_region":"[K_SWAP, N)", "pass":true, "threshold":"maxerr_A==0 & mix_err<=1e-6 & monotone & maxerr_Bxfade==0 & maxerr_B==0 & rel_Bpost>=0.40 & rel_Apre>=0.40 & click<=0.05" },
  "R4": { "hashes_full":["5e0313397f5dac016892332b81d9e9fa956c6779a6208b5ece1859372a261d66", "5e0313397f5dac016892332b81d9e9fa956c6779a6208b5ece1859372a261d66", "5e0313397f5dac016892332b81d9e9fa956c6779a6208b5ece1859372a261d66", "5e0313397f5dac016892332b81d9e9fa956c6779a6208b5ece1859372a261d66", "5e0313397f5dac016892332b81d9e9fa956c6779a6208b5ece1859372a261d66"], "hashes_A":["20024b8516235999aaae63fc1c81587b95e01272bd37e8d098764f95bf14d036", "20024b8516235999aaae63fc1c81587b95e01272bd37e8d098764f95bf14d036", "20024b8516235999aaae63fc1c81587b95e01272bd37e8d098764f95bf14d036", "20024b8516235999aaae63fc1c81587b95e01272bd37e8d098764f95bf14d036", "20024b8516235999aaae63fc1c81587b95e01272bd37e8d098764f95bf14d036"], "hashes_B":["c314c2d3670ecf0b0742024a68da67c439d8835fe74bf6a77aa527263495e018", "c314c2d3670ecf0b0742024a68da67c439d8835fe74bf6a77aa527263495e018", "c314c2d3670ecf0b0742024a68da67c439d8835fe74bf6a77aa527263495e018", "c314c2d3670ecf0b0742024a68da67c439d8835fe74bf6a77aa527263495e018", "c314c2d3670ecf0b0742024a68da67c439d8835fe74bf6a77aa527263495e018"], "hashes_xfade":["9a32cb15240ed6437c2058035af75d50dbca9485c92f4e0fe99f6b9fd1188bee", "9a32cb15240ed6437c2058035af75d50dbca9485c92f4e0fe99f6b9fd1188bee", "9a32cb15240ed6437c2058035af75d50dbca9485c92f4e0fe99f6b9fd1188bee", "9a32cb15240ed6437c2058035af75d50dbca9485c92f4e0fe99f6b9fd1188bee", "9a32cb15240ed6437c2058035af75d50dbca9485c92f4e0fe99f6b9fd1188bee"], "repro_ok":true, "blocks_rendered":10000, "dropped_blocks":0, "duplicated_blocks":0, "swap_block":4064, "events_applied_A":3, "events_scheduled_pre_swap":3, "events_applied_B_pre":2, "events_scheduled_xfade":2, "events_applied_B_post":1, "events_scheduled_post_swap":1, "b_xfade_initial_latch_count":1, "latch_replay_count":0, "pass":true, "threshold":"[R4 frozen] repro_ok & blocks==10000 & dropped==0 & dup==0 & event_audit_all_match (applied_A==pre_swap & applied_B_pre==xfade & applied_B_post==post_swap)" },
  "p50_ns":1500, "p99_ns":4000, "max_ns":43500,
  "asan_clean":true,
  "proof_complete":true,
  "variant":"F",
  "final_verdict":"PASS"
}
