{
  "run_params": { "fs":48000, "block":256, "n_blocks":10000, "r_repeats":5, "seed_master":"0x6121A0001", "dll_version":"1.0.3159", "freq_a":440.0, "freq_b":880.0, "freq_ctl":660.0 },
  "M1": { "result_violations":0, "blocks_A":10000, "blocks_B":10000, "asan_violations":0, "crt_heap_violations":0, "pass":true, "threshold":"all zero; blocks==10000" },
  "M2": { "xrun_count":0, "p50_ns":1700, "p99_ns":4800, "max_ns":53600, "d_block_ns":5333333, "pass":true, "threshold":"xrun_count==0" },
  "M3": { "rel440":0.9999933599140477, "rel880":0.99999270497269965, "rel_ctl":2.4174264952921544e-05, "mix_err":5.9604644775390625e-08, "pass":true, "threshold":"rel440>=0.40 & rel880>=0.40 & rel_ctl<=0.10 & mix_err<=1e-6" },
  "M4": { "hashes_A":["bc764580b7c20583a83ed51e37ec4f42b722ba75728c94e928eb2ba140445517", "bc764580b7c20583a83ed51e37ec4f42b722ba75728c94e928eb2ba140445517", "bc764580b7c20583a83ed51e37ec4f42b722ba75728c94e928eb2ba140445517", "bc764580b7c20583a83ed51e37ec4f42b722ba75728c94e928eb2ba140445517", "bc764580b7c20583a83ed51e37ec4f42b722ba75728c94e928eb2ba140445517"], "hashes_B":["32d349f3be865540d9b8157272ab1b6fdfb66bf0cdafe30e5d9ea62f924165d6", "32d349f3be865540d9b8157272ab1b6fdfb66bf0cdafe30e5d9ea62f924165d6", "32d349f3be865540d9b8157272ab1b6fdfb66bf0cdafe30e5d9ea62f924165d6", "32d349f3be865540d9b8157272ab1b6fdfb66bf0cdafe30e5d9ea62f924165d6", "32d349f3be865540d9b8157272ab1b6fdfb66bf0cdafe30e5d9ea62f924165d6"], "hashes_mixed":["1acdfe8b7d4125a61d8ed135c63ed30dc311eaa923995f405397925de16c2b7e", "1acdfe8b7d4125a61d8ed135c63ed30dc311eaa923995f405397925de16c2b7e", "1acdfe8b7d4125a61d8ed135c63ed30dc311eaa923995f405397925de16c2b7e", "1acdfe8b7d4125a61d8ed135c63ed30dc311eaa923995f405397925de16c2b7e", "1acdfe8b7d4125a61d8ed135c63ed30dc311eaa923995f405397925de16c2b7e"], "repro_ok":true, "iso_A_err":0, "iso_B_err":0, "pass":true, "threshold":"all R hashes equal per stream & iso_*_err==0.0" },
  "asan_clean":true,
  "proof_complete":true,
  "final_verdict":"PASS",
  "control_config": { "M1": { "result_violations":0, "blocks_A":10000, "blocks_B":10000, "pass":true }, "M2": { "xrun_count":0, "p50_ns":200, "p99_ns":400, "max_ns":3000, "pass":true }, "M4": { "hashes_A":["9d95861d5695731afd86a805a388ca2d8ff09986e97462f0b8a27e0bae447fe4", "9d95861d5695731afd86a805a388ca2d8ff09986e97462f0b8a27e0bae447fe4", "9d95861d5695731afd86a805a388ca2d8ff09986e97462f0b8a27e0bae447fe4", "9d95861d5695731afd86a805a388ca2d8ff09986e97462f0b8a27e0bae447fe4", "9d95861d5695731afd86a805a388ca2d8ff09986e97462f0b8a27e0bae447fe4"], "hashes_B":["9c73493ceef6c062ec1ff7c5493d28fb2e24a751cfe9ad0685e88ca7ab43f021", "9c73493ceef6c062ec1ff7c5493d28fb2e24a751cfe9ad0685e88ca7ab43f021", "9c73493ceef6c062ec1ff7c5493d28fb2e24a751cfe9ad0685e88ca7ab43f021", "9c73493ceef6c062ec1ff7c5493d28fb2e24a751cfe9ad0685e88ca7ab43f021", "9c73493ceef6c062ec1ff7c5493d28fb2e24a751cfe9ad0685e88ca7ab43f021"], "hashes_mixed":["5910a4eee723e3347800f5cbfaecb51dfe0e659b5828a6e22aa73043d2c7fc73", "5910a4eee723e3347800f5cbfaecb51dfe0e659b5828a6e22aa73043d2c7fc73", "5910a4eee723e3347800f5cbfaecb51dfe0e659b5828a6e22aa73043d2c7fc73", "5910a4eee723e3347800f5cbfaecb51dfe0e659b5828a6e22aa73043d2c7fc73", "5910a4eee723e3347800f5cbfaecb51dfe0e659b5828a6e22aa73043d2c7fc73"], "repro_ok":true, "iso_A_err":0, "iso_B_err":0, "pass":true } }
}
