{
  "run_params": { "fs":48000, "block":256, "n_blocks":10000, "k_compile_start":100, "k_xfade_start":4000, "w_xfade":64, "k_swap":4064, "p_meas":512, "r_repeats":5, "seed_master":"0x6121A0002", "dll_version":"1.0.3159", "freq_a":440.0, "freq_b":880.0, "freq_ctl":660.0, "eps_xfade":1e-6, "s_click":0.15 },
  "R1": { "xrun_during_compile":0, "compile_result":"Ok", "k_compile_done":111, "compile_completed_before_xfade":true, "pass":true, "threshold":"xrun==0 & result Ok & done<4000" },
  "R2": { "asan_violations":0, "crt_heap_violations":0, "result_violations":0, "swap_block":4064, "swap_count":1, "old_perf_release_block":4064, "old_perf_released_post_crossfade":true, "pass":true, "threshold":"asan==0 & crt==0 & result==0 & swap_block==4064 & swap_count==1 & released_post_crossfade" },
  "R3": { "mix_err":2.9795045985991919e-08, "alpha_monotone":true, "click_max":0.11512808501720428, "rel440_pre":0.99999170767142731, "rel880_post":0.99999367722426435, "leak880_pre":0.00031545504006522525, "leak440_post":0.00026114377824349908, "rel_ctl":0.00041924840684167401, "pass":true, "threshold":"mix_err<=1e-6 & monotone & click<=0.15 & rel>=0.40 & leak<=0.10 & ctl<=0.10" },
  "R4": { "hashes_full":["47e1b3e0cd8d5d4cd1ef73721beeeb0a83495b99122c12968cb31b3a0aa8a21c", "47e1b3e0cd8d5d4cd1ef73721beeeb0a83495b99122c12968cb31b3a0aa8a21c", "47e1b3e0cd8d5d4cd1ef73721beeeb0a83495b99122c12968cb31b3a0aa8a21c", "47e1b3e0cd8d5d4cd1ef73721beeeb0a83495b99122c12968cb31b3a0aa8a21c", "47e1b3e0cd8d5d4cd1ef73721beeeb0a83495b99122c12968cb31b3a0aa8a21c"], "hashes_A":["e843751083df7afbb61bef289bf42afff9172dd248efcbdf3aeea2025b0348d1", "e843751083df7afbb61bef289bf42afff9172dd248efcbdf3aeea2025b0348d1", "e843751083df7afbb61bef289bf42afff9172dd248efcbdf3aeea2025b0348d1", "e843751083df7afbb61bef289bf42afff9172dd248efcbdf3aeea2025b0348d1", "e843751083df7afbb61bef289bf42afff9172dd248efcbdf3aeea2025b0348d1"], "hashes_B":["1c9ed35cd2b943fbdf2db6f3a313a639a30bf478fccfc87c84611c0c88fcfd28", "1c9ed35cd2b943fbdf2db6f3a313a639a30bf478fccfc87c84611c0c88fcfd28", "1c9ed35cd2b943fbdf2db6f3a313a639a30bf478fccfc87c84611c0c88fcfd28", "1c9ed35cd2b943fbdf2db6f3a313a639a30bf478fccfc87c84611c0c88fcfd28", "1c9ed35cd2b943fbdf2db6f3a313a639a30bf478fccfc87c84611c0c88fcfd28"], "hashes_xfade":["36644102c6ca49977d240c8cd6c33d5d8c63f453eccba2f0df9676f98fe78832", "36644102c6ca49977d240c8cd6c33d5d8c63f453eccba2f0df9676f98fe78832", "36644102c6ca49977d240c8cd6c33d5d8c63f453eccba2f0df9676f98fe78832", "36644102c6ca49977d240c8cd6c33d5d8c63f453eccba2f0df9676f98fe78832", "36644102c6ca49977d240c8cd6c33d5d8c63f453eccba2f0df9676f98fe78832"], "repro_ok":true, "blocks_rendered":10000, "dropped_blocks":0, "duplicated_blocks":0, "swap_block":4064, "pass":true, "threshold":"all R hashes equal per stream & blocks==10000 & dropped==0 & dup==0 & swap_block==4064" },
  "p50_ns":1500, "p99_ns":4500, "max_ns":76400,
  "asan_clean":true,
  "proof_complete":true,
  "final_verdict":"PASS"
}
